<?xml version="1.0" encoding="utf-8" standalone="yes"?>
<rss version="2.0" xmlns:atom="http://www.w3.org/2005/Atom">
  <channel>
    <title>Wolf Treasure Demo gratis testen und Freispiele sichern | Slot kostenlos spielen on Wolf Treasure</title>
    <link>https://wolftreasure.com.de/demo/</link>
    <description>Recent content in Wolf Treasure Demo gratis testen und Freispiele sichern | Slot kostenlos spielen on Wolf Treasure</description>
    <generator>Hugo</generator>
    <language>de</language>
    <lastBuildDate></lastBuildDate>
    <atom:link href="https://wolftreasure.com.de/demo/index.xml" rel="self" type="application/rss+xml" />
  </channel>
</rss>
